OrderID,UserID,OrderNumber,PayTime,CreationTime
6E36309F-F67F-44AB-9C5B-672E94EFE033,D227CB6D-8B12-0ED5-FB04-A8F41E627EE6,VJJ134597201145921000,2023-09-24 05:46:38,2023-09-24 04:46:38
E739F678-8638-4B4B-868D-1D41720A656D,83BE0D8D-7284-41A5-54A3-D455421FCF5B,PHL868862822697590000,2023-08-15 23:49:28,2023-08-15 22:49:28
A594DDDB-C511-401A-A866-DF5625754EF5,C7C679BC-902A-4F77-E4DD-62F780FB72C7,WWJ904680493784944000,2023-02-14 12:45:33,2023-02-14 11:45:33
14EE1EA4-5E9B-4548-A1BC-271323E6016D,83BE0D8D-7284-41A5-54A3-D455421FCF5B,OTG544284606126719000,2023-09-17 05:33:12,2023-09-17 04:33:12
700BC305-458D-4D3D-9978-8FA60684F171,BDB62F0E-3E32-F92D-A7E8-4541C5C26327,IEJ969002377333250000,2023-07-18 21:26:52,2023-07-18 20:26:52
C67A978E-FA5A-4A26-90E9-A335D6C1973D,94A1230F-A2D6-A46C-2F7E-F9C4617C8CAC,RHS209973824800446000,2023-08-03 01:17:26,2023-08-03 00:17:26
49D6F976-8223-4DF9-A95C-1AAC60475C4B,C0DA4158-DEDB-6A98-30F1-4204529960A4,LXQ993226116178050000,2023-08-19 16:56:45,2023-08-19 15:56:45
50261840-BA46-47FC-8E56-613D902CF427,104FABBA-D4A3-10AB-E8F7-A38BC23D9C7F,ZWK496861253644778000,2023-07-01 19:02:21,2023-07-01 18:02:21
276D4C0D-6D94-460E-8DA9-390D21A052CC,944066E3-5339-144D-F108-EE31389D30A1,YVQ275822042793718000,2023-06-27 12:19:58,2023-06-27 11:19:58
0F6AACA5-152B-4E5B-B7DD-4213D40F454E,104FABBA-D4A3-10AB-E8F7-A38BC23D9C7F,UKA329277931127850000,2023-03-23 15:19:11,2023-03-23 14:19:11
B5D89E9C-5F84-4EB7-B2BC-69B54D1C16BA,E4CF3AE5-D422-1515-3E39-12997F4B9B03,GKX219469751622877000,2023-03-01 11:06:34,2023-03-01 10:06:34
C1DB0CDD-E72D-4B4E-AF1A-ABE414AE2D18,9A849854-E8C5-936E-BB29-0F3EC2F358AF,JGW182172105894994000,2023-03-02 04:48:11,2023-03-02 03:48:11
53AA2C0D-E1DF-4EC8-8549-CE54736B39D6,6ED638BB-E637-FBF7-DF85-A67428A49CDA,PUQ565131004479305000,2023-06-05 08:53:02,2023-06-05 07:53:02
CD307E55-CF8E-42DE-97E2-EEE3883C9E3A,6ED638BB-E637-FBF7-DF85-A67428A49CDA,FMP459063057847805000,2023-08-17 02:00:56,2023-08-17 01:00:56
33DAC2AE-A6A5-4642-9793-4A2A19D4A5DF,C0DA4158-DEDB-6A98-30F1-4204529960A4,QNG917615612809785000,2023-02-11 05:55:02,2023-02-11 04:55:02
37343D7E-3048-41E8-A8DE-0CB0F39B1A51,E4D22D1B-0226-6030-FADF-94BA254107D3,ETO895176604836202000,2023-09-22 09:43:45,2023-09-22 08:43:45
6910515E-2B27-4C1C-A024-E0A87830EFB5,7CB87267-CBC6-935F-1690-6F5DA29A87B1,FSJ108915872484829000,2023-08-05 19:08:15,2023-08-05 18:08:15
273B837A-2A96-48EE-B90A-46A25F754FB8,7E72FD99-C049-E6D8-53DD-8335E27CFB07,MCH925926741472103000,2023-09-11 18:03:41,2023-09-11 17:03:41
41CA9242-D2B4-4FEB-B900-7F1D506B7613,E4D22D1B-0226-6030-FADF-94BA254107D3,PCB791878126264847000,2023-04-29 15:03:27,2023-04-29 14:03:27
70C64922-CAB5-4CE5-83CA-4832534C1848,8CF75FA0-23BD-B7DF-D1AA-457397121EF2,AIP706010635752425000,2023-08-16 16:14:58,2023-08-16 15:14:58
DF0970F9-C990-4B0C-B4A4-CC13C76A8D4C,8CF75FA0-23BD-B7DF-D1AA-457397121EF2,BRY532566906636435000,2023-05-31 00:10:32,2023-05-30 23:10:32
ADC32E50-084B-4D0A-A056-6C23C8E90A86,8C34F6EE-FED6-68CE-FD42-2CB10456B11C,VQN649961440947261000,2023-09-25 07:23:11,2023-09-25 06:23:11
07F05916-9CC7-47AC-BC56-C30AF17663DE,104FABBA-D4A3-10AB-E8F7-A38BC23D9C7F,MRG839904775496510000,2023-08-13 11:36:04,2023-08-13 10:36:04
217F014D-8BB9-4C41-9ECA-008591F49185,EC4141B6-AAC5-C24E-D3B8-E5385B8D5B34,KRP147606501663180000,2023-05-13 09:28:40,2023-05-13 08:28:40
DC1651E7-2A39-4EAD-9C5B-CB32ED8B5192,9A849854-E8C5-936E-BB29-0F3EC2F358AF,BHZ302120466708335000,2023-02-18 12:23:19,2023-02-18 11:23:19
0609CBCF-8D8A-4817-AC6C-33F3991C2A60,314C9B3F-5017-00F4-BB6D-7575DB69B460,ICV631474237315819000,2023-08-29 08:43:17,2023-08-29 07:43:17
CCD470BD-08E4-46D2-9097-2D789F54DCAB,E4CF3AE5-D422-1515-3E39-12997F4B9B03,JRJ340984277643388000,2023-08-20 17:47:16,2023-08-20 16:47:16
0F2DD47C-DFFF-4A08-B840-70E61D0822C9,74158A94-E97C-3DFF-5573-ED70C41F3BCD,WTQ371086428895836000,2023-09-12 02:07:52,2023-09-12 01:07:52
6C33C1CE-F519-400D-8448-CEFF209DA16E,944066E3-5339-144D-F108-EE31389D30A1,NIO280817982892069000,2023-07-11 09:42:37,2023-07-11 08:42:37
8BEBD775-5F0B-42FA-A469-8EBE9BC7C18A,8286637D-D0E7-9EF6-25E4-F161F967AF92,WGQ743944363717138000,2023-07-20 13:43:59,2023-07-20 12:43:59
317AC9A7-900B-4E04-8DCE-1B0554FD0EA4,95CE0A0D-9050-6982-BB73-52126892C394,GRV989309248540784000,2023-06-14 11:51:18,2023-06-14 10:51:18
1B59139C-695B-4971-8D0A-99C5280F4F05,428C8290-486A-59F8-8495-77086023A727,KWM768957675853526000,2023-02-25 10:21:02,2023-02-25 09:21:02
C43FB695-8516-4E90-8A19-2BEC33A14190,7CB87267-CBC6-935F-1690-6F5DA29A87B1,EHC676336760695106000,2023-05-01 13:09:53,2023-05-01 12:09:53
DAAA1F07-97F1-4CE0-BF9B-1E49F7FED88B,8C34F6EE-FED6-68CE-FD42-2CB10456B11C,DMB618150123533643000,2023-08-23 13:15:02,2023-08-23 12:15:02
E834CDE6-D0D6-49AE-BAC3-15AC3BD9E793,AC3BB154-0CF1-45AC-FF61-5D75B841DFC8,ZZS743353970401431000,2023-04-09 10:01:06,2023-04-09 09:01:06
E9090A91-E040-4A70-91E0-BFABD0FF117F,BB383552-6CBD-1E6F-D392-C44B129F80B0,YGA699647841808016000,2023-08-23 00:56:55,2023-08-22 23:56:55
16451500-6173-41FE-B167-8F55E11213C5,DF0EF35D-86C4-0D97-774C-9FA54347D4D3,NYS191338533542511000,2023-04-25 20:48:30,2023-04-25 19:48:30
7F12B011-50C4-4084-890A-8940CBDB1562,6ED638BB-E637-FBF7-DF85-A67428A49CDA,YHV288128653940836000,2023-03-09 08:56:21,2023-03-09 07:56:21
261AB311-3B0F-4EC4-A5EE-76B1EA346923,104FABBA-D4A3-10AB-E8F7-A38BC23D9C7F,VWX264860630294922000,2023-02-21 18:10:22,2023-02-21 17:10:22
B0E8D356-16B1-4379-8C3E-EF997F081E24,F2B6561E-8216-4857-EBDB-36145EC4F6A5,NNH560579925265826000,2023-04-11 19:47:36,2023-04-11 18:47:36
EABB5F40-F330-4A0E-BF85-0B342AD6FC9B,8286637D-D0E7-9EF6-25E4-F161F967AF92,YSS453572055287363000,2023-05-16 09:29:55,2023-05-16 08:29:55
2BBD1C34-6AB3-4191-8741-3C9667970444,79443CBA-BE28-B426-457B-4EE2ADA7D955,FFK690195075884118000,2023-08-24 18:47:24,2023-08-24 17:47:24
B0962734-17DB-4671-8219-73A990499573,195D0DF6-FD93-019E-BF63-9129AB3697DA,RIG716101722086872000,2023-09-29 07:49:00,2023-09-29 06:49:00
31E1AC12-636A-4E8A-AF3E-0CEFB2569548,666234E0-2666-9B8C-BA1F-5301C8EB4C39,ZHT127712449097778000,2023-07-17 10:14:08,2023-07-17 09:14:08
153D6EC9-1B90-49D7-A5AD-89763F599A0B,94A1230F-A2D6-A46C-2F7E-F9C4617C8CAC,RUY662843104795211000,2023-08-12 21:44:34,2023-08-12 20:44:34
2A98AA9A-CF1D-4578-B0B7-4931E799D6E7,944066E3-5339-144D-F108-EE31389D30A1,JSY102149287496790000,2023-02-12 19:27:56,2023-02-12 18:27:56
AB2AF7BC-4ABA-45EE-9511-BCE1B2CAD609,195D0DF6-FD93-019E-BF63-9129AB3697DA,WIB469324278687535000,2023-09-11 16:44:51,2023-09-11 15:44:51
24A67DCE-060B-40C7-B127-4C753E61F584,F2B6561E-8216-4857-EBDB-36145EC4F6A5,PLJ681722007190426000,2023-02-13 06:30:15,2023-02-13 05:30:15
5821C4B1-B70E-458A-A673-331AC46DB357,EC4141B6-AAC5-C24E-D3B8-E5385B8D5B34,ZXR179557903176462000,2023-04-15 15:27:56,2023-04-15 14:27:56
3382857A-BDC5-4F67-A42F-19757E7194B0,8C34F6EE-FED6-68CE-FD42-2CB10456B11C,XEE920063135690650000,2023-06-14 04:20:19,2023-06-14 03:20:19
7E97B103-B342-44C8-AAE4-023EFBC127F5,944066E3-5339-144D-F108-EE31389D30A1,KGL657956687046362000,2023-04-26 13:46:44,2023-04-26 12:46:44
CA33ADF5-DE8F-4773-8A66-2A07C5E1AACB,D23577DE-D469-7659-3FCE-8B89A016B642,RTU260951036015306000,2023-06-27 07:55:50,2023-06-27 06:55:50
6C1D4F53-35DB-4ED2-9DD0-F5DB0AFCCCDC,E4D22D1B-0226-6030-FADF-94BA254107D3,WLY259061411363124000,2023-04-13 02:10:25,2023-04-13 01:10:25
3DB7BD20-631A-4743-ACD0-4CE38211F63E,944066E3-5339-144D-F108-EE31389D30A1,GDC940397555576482000,2023-07-29 10:28:55,2023-07-29 09:28:55
1CC901E4-D11D-484D-869D-33DDD4FF9ACF,94A1230F-A2D6-A46C-2F7E-F9C4617C8CAC,WTS356613140669532000,2023-09-15 22:59:57,2023-09-15 21:59:57
F8410B43-6D86-4EF2-9A21-8F969CAEFA47,7730C72E-27A0-3AD4-791A-B7D25A2AB2A4,HXL481842452149015000,2023-07-03 21:38:47,2023-07-03 20:38:47
21A736BC-EB58-4177-9E7B-D9D16F70E97F,F2B6561E-8216-4857-EBDB-36145EC4F6A5,XRC919133193830752000,2023-02-19 07:36:13,2023-02-19 06:36:13
F466EFBD-AAFD-476E-9BCE-42A0741224FC,314C9B3F-5017-00F4-BB6D-7575DB69B460,XXU398717012327914000,2023-04-15 01:53:17,2023-04-15 00:53:17
4ADAB477-F6EA-48A8-AC73-00535392BF95,666234E0-2666-9B8C-BA1F-5301C8EB4C39,OVW171326383560709000,2023-02-24 10:25:19,2023-02-24 09:25:19
E9928B51-09E2-4B16-8124-F5BDC5B7DB93,74158A94-E97C-3DFF-5573-ED70C41F3BCD,UAS816072569132624000,2023-07-17 00:59:38,2023-07-16 23:59:38
ED388B95-5A28-405A-9BDF-2E3BFAFF6FE3,6ED638BB-E637-FBF7-DF85-A67428A49CDA,HKI236024786998510000,2023-05-08 10:32:16,2023-05-08 09:32:16
C3BD96ED-3D1D-4080-91A8-EB3E3487A309,0EE53D0D-C709-22AB-43D7-3539819E9B19,AZQ411003084289141000,2023-05-18 08:06:46,2023-05-18 07:06:46
4A2305D1-9C7A-458D-B176-F3E095099491,83BE0D8D-7284-41A5-54A3-D455421FCF5B,FTV497008415482112000,2023-08-10 12:07:19,2023-08-10 11:07:19
2A58A5D5-4233-4561-B314-7CEE0A356523,D227CB6D-8B12-0ED5-FB04-A8F41E627EE6,XVF578717280042702000,2023-08-04 09:14:02,2023-08-04 08:14:02
45781126-93D5-42E1-8D0E-CF21515E0BD0,C0DA4158-DEDB-6A98-30F1-4204529960A4,DLA159959549528810000,2023-02-13 19:26:55,2023-02-13 18:26:55
29146301-1172-4F71-9011-4F21C2192173,E4D22D1B-0226-6030-FADF-94BA254107D3,KZG673034277577630000,2023-08-12 08:59:52,2023-08-12 07:59:52
92FFA62B-06A3-463C-A9A1-A47DA472228C,C7C679BC-902A-4F77-E4DD-62F780FB72C7,UZH453517298595816000,2023-06-16 09:53:23,2023-06-16 08:53:23
4E494F5C-B6F7-4D32-B4E5-73B7576628CC,8286637D-D0E7-9EF6-25E4-F161F967AF92,JDJ529599206477585000,2023-07-30 20:32:56,2023-07-30 19:32:56
557C3863-7E46-4E42-9629-7C3475BFB73A,E4D22D1B-0226-6030-FADF-94BA254107D3,RZM707085167713744000,2023-03-10 16:16:13,2023-03-10 15:16:13
CC00226D-76C2-4679-A5FC-BC3FA996824B,83BE0D8D-7284-41A5-54A3-D455421FCF5B,CIS200113452462415000,2023-06-07 07:18:26,2023-06-07 06:18:26
39DF2E0D-D978-4232-866A-28D5188CA268,195D0DF6-FD93-019E-BF63-9129AB3697DA,RUT684496217638155000,2023-07-09 12:15:43,2023-07-09 11:15:43
B752CF82-BEEC-4E7C-9DAE-F982B131295D,BDB62F0E-3E32-F92D-A7E8-4541C5C26327,NSI150018358804611000,2023-09-18 14:30:37,2023-09-18 13:30:37
F963B68B-204C-46C0-BE5B-9586B656A5B3,DF0EF35D-86C4-0D97-774C-9FA54347D4D3,MQP497140714586958000,2023-07-12 16:50:10,2023-07-12 15:50:10
8C16C627-FBAD-40C9-93DB-6FA36652AC4F,8C34F6EE-FED6-68CE-FD42-2CB10456B11C,FGD167550352250975000,2023-06-25 22:16:02,2023-06-25 21:16:02
75B97569-C3C5-47CC-872B-B07534F60566,C7C679BC-902A-4F77-E4DD-62F780FB72C7,GFN898264437793070000,2023-02-27 10:12:03,2023-02-27 09:12:03
97A6A599-EED4-4467-A282-FF13F70A067D,EC4141B6-AAC5-C24E-D3B8-E5385B8D5B34,VPD775032904303047000,2023-03-13 23:20:35,2023-03-13 22:20:35
FEB1C718-D16C-429A-8BB4-A6CC87D31C35,6ED638BB-E637-FBF7-DF85-A67428A49CDA,JMD892185710505395000,2023-04-29 01:31:13,2023-04-29 00:31:13
D3801948-395B-4BFF-9033-99B02966F968,DF0EF35D-86C4-0D97-774C-9FA54347D4D3,LCA649763298576682000,2023-05-17 18:18:12,2023-05-17 17:18:12
8BC2AC0E-DC43-4C9C-A724-AEDFC53636CE,428C8290-486A-59F8-8495-77086023A727,GAU737635277046912000,2023-05-05 00:17:06,2023-05-04 23:17:06
AD7D641F-CCBC-478C-996B-04B94F535BF5,95CE0A0D-9050-6982-BB73-52126892C394,DLM302583860071404000,2023-05-26 19:30:23,2023-05-26 18:30:23
F23E6DD2-03BC-42FC-9EB9-37EE28184029,666234E0-2666-9B8C-BA1F-5301C8EB4C39,JEP894378405802886000,2023-08-25 21:02:21,2023-08-25 20:02:21
DFB667CD-4F2A-41C9-9DD2-9DBC0C5E545D,D23577DE-D469-7659-3FCE-8B89A016B642,CRN427575849594227000,2023-09-28 07:24:26,2023-09-28 06:24:26
9B6BF56D-EF8F-418A-A8AE-B68C04C306EB,E4D22D1B-0226-6030-FADF-94BA254107D3,HJC574279773706119000,2023-07-06 02:14:56,2023-07-06 01:14:56
4F0DD9B5-BBB0-4E78-8F4A-E539A9BD9D6F,7CB87267-CBC6-935F-1690-6F5DA29A87B1,UNW488292320165620000,2023-03-25 12:41:47,2023-03-25 11:41:47
0707C2AB-EAB6-4855-B87C-0C6244724C1A,BB383552-6CBD-1E6F-D392-C44B129F80B0,BRI904367960971086000,2023-03-16 08:26:20,2023-03-16 07:26:20
FB0A0EC5-7F74-4965-9FFC-835CBDE34B15,C0DA4158-DEDB-6A98-30F1-4204529960A4,TPE532269898008945000,2023-02-24 21:15:15,2023-02-24 20:15:15
BE3E26F9-5172-4475-BD0B-7A7DB840A76B,16A28C94-D7EF-3625-B7CF-51D9C761955E,TOY247895263486228000,2023-05-21 19:02:36,2023-05-21 18:02:36
4BFDD7EF-ABF7-41F5-A996-D0E8CDAC3A74,7CB87267-CBC6-935F-1690-6F5DA29A87B1,XMO124486577797507000,2023-08-12 05:16:53,2023-08-12 04:16:53
247000A7-8913-4A41-B75B-B05924B5D79B,8C34F6EE-FED6-68CE-FD42-2CB10456B11C,SWA206491026968719000,2023-07-30 12:20:26,2023-07-30 11:20:26
7F37E5B2-D833-479B-8EB6-8D492B70B3BB,F8D94934-71AF-47F7-2EA7-0CE00D7C781C,NDM136689466641636000,2023-04-27 14:36:39,2023-04-27 13:36:39
67A5320A-7444-4F64-8ED9-64FFCEDCF5E0,8CF75FA0-23BD-B7DF-D1AA-457397121EF2,IVH798109669962548000,2023-07-28 05:55:13,2023-07-28 04:55:13
942EB253-14C9-4DA5-B77D-7839E40DD4F1,95CE0A0D-9050-6982-BB73-52126892C394,KEB885335661091354000,2023-03-21 16:53:14,2023-03-21 15:53:14
4E34B35F-7738-4459-988B-332209BEB080,6ED638BB-E637-FBF7-DF85-A67428A49CDA,ADT686906756068785000,2023-07-24 16:17:40,2023-07-24 15:17:40
4368882F-4C34-4229-B9A9-B87CCC591470,C0DA4158-DEDB-6A98-30F1-4204529960A4,RWW628685030391193000,2023-02-15 11:38:11,2023-02-15 10:38:11
0AFE1C80-0678-4F45-85F3-3E896F02FF7A,F8D94934-71AF-47F7-2EA7-0CE00D7C781C,DIB951647812414921000,2023-03-02 17:41:57,2023-03-02 16:41:57
227F3256-FCD4-43B7-A819-318CE7DE9579,8C34F6EE-FED6-68CE-FD42-2CB10456B11C,XPN999187795331713000,2023-04-25 03:04:34,2023-04-25 02:04:34
37D3E992-DD0D-4948-A829-14652B331D13,83BE0D8D-7284-41A5-54A3-D455421FCF5B,PRD667880284516747000,2023-05-20 23:12:34,2023-05-20 22:12:34
72E790F8-148E-4E7F-96AA-7155FE4788BB,F2B6561E-8216-4857-EBDB-36145EC4F6A5,BUA202799952213303000,2023-03-14 00:43:13,2023-03-13 23:43:13
0629D57A-5D60-4EC6-8C3D-F08CC20BD224,BB383552-6CBD-1E6F-D392-C44B129F80B0,MNE941746940912913000,2023-08-28 09:22:34,2023-08-28 08:22:34
1439F6A9-AD11-4F37-B1C9-9C5942E2DCF4,428C8290-486A-59F8-8495-77086023A727,UZR251491059687161000,2023-02-19 14:09:31,2023-02-19 13:09:31
C9334D5A-B4F0-4955-8698-45F5518D0DFB,944066E3-5339-144D-F108-EE31389D30A1,OZQ877014950167096000,2023-07-21 11:15:39,2023-07-21 10:15:39
FC569F69-81C1-416B-9B5B-D3EC70557FC5,DF0EF35D-86C4-0D97-774C-9FA54347D4D3,EBV890490847618971000,2023-08-20 09:57:42,2023-08-20 08:57:42
03A3CACE-3B4A-41F3-B835-A8CA76467838,83BE0D8D-7284-41A5-54A3-D455421FCF5B,ZMO607942191223383000,2023-09-23 16:50:56,2023-09-23 15:50:56
6A8A01D9-5E9B-4B32-8C62-CF0C1481CDD0,428C8290-486A-59F8-8495-77086023A727,NFB262226574343423000,2023-07-24 10:27:57,2023-07-24 09:27:57
7002E8CD-F26F-4522-87B6-F1708ECAF9A1,16A28C94-D7EF-3625-B7CF-51D9C761955E,VXG442521128348828000,2023-03-20 04:17:32,2023-03-20 03:17:32
AB78F077-4E11-4C27-85B9-5915C7E8B84A,8CF75FA0-23BD-B7DF-D1AA-457397121EF2,GNQ359533994222190000,2023-03-27 03:52:21,2023-03-27 02:52:21
5961CFFB-243F-4E3F-A3A0-997A746886D5,6ED638BB-E637-FBF7-DF85-A67428A49CDA,YRQ441024884778922000,2023-09-21 05:03:53,2023-09-21 04:03:53
5CD11F52-FAA3-4455-B2E9-47BC3650C5C2,DF0EF35D-86C4-0D97-774C-9FA54347D4D3,KEH152757124856310000,2023-08-10 08:27:42,2023-08-10 07:27:42
AE978439-222E-41A3-A1BA-33474C5BF929,95CE0A0D-9050-6982-BB73-52126892C394,GIX621053325066520000,2023-08-25 13:58:56,2023-08-25 12:58:56
58130999-81A9-4B82-8DF1-AB3CE70047F4,104FABBA-D4A3-10AB-E8F7-A38BC23D9C7F,SBC661149888581618000,2023-08-01 05:02:43,2023-08-01 04:02:43
4FF83E22-5B47-4799-837B-62CC54948C35,8CF75FA0-23BD-B7DF-D1AA-457397121EF2,KIU769930712622453000,2023-05-06 13:27:31,2023-05-06 12:27:31
D6893E53-1E05-4ACC-AB65-B1FEC1D3F6C4,9A849854-E8C5-936E-BB29-0F3EC2F358AF,RGN856940458249273000,2023-04-23 06:46:46,2023-04-23 05:46:46
EE855F79-63C1-40B8-9E30-84B4F133D2EF,314C9B3F-5017-00F4-BB6D-7575DB69B460,QNW394964121728184000,2023-05-18 19:28:43,2023-05-18 18:28:43
DB3BD3E5-25F2-4775-8885-D2DD7D46A011,F2B6561E-8216-4857-EBDB-36145EC4F6A5,SHB873264129157723000,2023-08-30 11:38:36,2023-08-30 10:38:36
2B059D7F-D973-40D9-8F4F-10D4061EC6A3,7E72FD99-C049-E6D8-53DD-8335E27CFB07,JCG176268667211252000,2023-06-02 01:52:08,2023-06-02 00:52:08
ECC68832-F920-4A06-AB1F-9E141C495E13,F2B6561E-8216-4857-EBDB-36145EC4F6A5,UZE356662287790297000,2023-06-18 03:45:40,2023-06-18 02:45:40
1F064C5A-B075-4F0A-B7CF-E7489D20A6AA,FA17C70B-F7FF-B0B0-2D2C-F7B1E2202645,WKA443622191636529000,2023-06-06 11:25:37,2023-06-06 10:25:37
2B75F7EA-E816-4750-8A4E-FB42591BF75B,E4CF3AE5-D422-1515-3E39-12997F4B9B03,BHY446524865928805000,2023-07-22 16:55:14,2023-07-22 15:55:14
17C7CEFE-1D10-4AEE-9392-DF25A2FE275F,AC3BB154-0CF1-45AC-FF61-5D75B841DFC8,VPB349295764085573000,2023-04-01 13:15:52,2023-04-01 12:15:52
BFA2582D-5B9B-48E4-B1B4-D0DE2A054D63,83BE0D8D-7284-41A5-54A3-D455421FCF5B,QZJ672078237648816000,2023-04-13 08:34:27,2023-04-13 07:34:27
DD3B05C3-0CE7-4039-9AF4-7C59EE3EE8F3,944066E3-5339-144D-F108-EE31389D30A1,QTD827393106902035000,2023-03-06 19:09:23,2023-03-06 18:09:23
6AD96CE2-1FA7-4551-A721-1A31A292194A,16A28C94-D7EF-3625-B7CF-51D9C761955E,BRX213146575620820000,2023-02-23 10:09:44,2023-02-23 09:09:44
37881F4A-7EE2-4B3D-AF6F-7DD1B3EFDF3A,6ED638BB-E637-FBF7-DF85-A67428A49CDA,GEP130575618073227000,2023-07-21 07:38:39,2023-07-21 06:38:39
196D33DF-2BD2-49B1-AE10-BC14435BF980,8CF75FA0-23BD-B7DF-D1AA-457397121EF2,PMU432857402820159000,2023-04-18 11:46:47,2023-04-18 10:46:47
20643D8C-E92A-434F-B0DB-60360C2D80E7,C0DA4158-DEDB-6A98-30F1-4204529960A4,JJJ820553639637927000,2023-08-11 09:20:59,2023-08-11 08:20:59
9B7228D5-3994-47BF-A370-974D6CFE44C6,EC4141B6-AAC5-C24E-D3B8-E5385B8D5B34,KPS991690750709577000,2023-06-03 17:34:09,2023-06-03 16:34:09
CD31CD37-EA42-408A-859C-03BA6B98E9AD,94A1230F-A2D6-A46C-2F7E-F9C4617C8CAC,CFO179330904829129000,2023-02-10 16:46:26,2023-02-10 15:46:26
9937DE2A-F7F3-480F-9113-BEC3665E66AA,D227CB6D-8B12-0ED5-FB04-A8F41E627EE6,JYK328365520202696000,2023-03-10 03:58:09,2023-03-10 02:58:09
28769E2F-36B2-44F4-A1EE-1C03A6995A15,E4D22D1B-0226-6030-FADF-94BA254107D3,BWY170648537860258000,2023-03-07 15:27:43,2023-03-07 14:27:43
43FB6DAF-3738-4BAC-8A9B-61F0ED3751D4,16A28C94-D7EF-3625-B7CF-51D9C761955E,JZG423613174949408000,2023-08-14 02:53:49,2023-08-14 01:53:49
AE584BAA-54BE-4F8A-930D-C4FFAB42441F,16A28C94-D7EF-3625-B7CF-51D9C761955E,QYR163395836455533000,2023-02-21 00:27:19,2023-02-20 23:27:19
E2D941D6-0F06-4106-B6CA-E7BEED9E801A,7CB87267-CBC6-935F-1690-6F5DA29A87B1,QWY599815250927389000,2023-05-20 06:15:55,2023-05-20 05:15:55
B0DE6A6B-D950-49C8-93FE-9F32D0F665E0,8CF75FA0-23BD-B7DF-D1AA-457397121EF2,FZO801889138867663000,2023-09-15 06:15:42,2023-09-15 05:15:42
9F7CAEA7-BF82-43E1-90FC-45E0FFB490D9,EC4141B6-AAC5-C24E-D3B8-E5385B8D5B34,RFA549120877817070000,2023-03-09 14:43:29,2023-03-09 13:43:29
8FFAE7BD-E840-4D40-B3BA-AFDF34CED0DE,FA17C70B-F7FF-B0B0-2D2C-F7B1E2202645,WDM548764752561696000,2023-06-25 13:55:30,2023-06-25 12:55:30
8AFE5A00-D9FB-48BB-92A0-B9D677228CA0,C0DA4158-DEDB-6A98-30F1-4204529960A4,RDA166875551380111000,2023-09-01 07:11:24,2023-09-01 06:11:24
626BCA49-7B96-4B0D-AA0D-24D5CFCB3273,79443CBA-BE28-B426-457B-4EE2ADA7D955,SBO535737866266735000,2023-05-15 07:20:38,2023-05-15 06:20:38
F2172672-B730-44C6-863D-ABE174B9B138,BDB62F0E-3E32-F92D-A7E8-4541C5C26327,QEP586783430494476000,2023-09-22 20:34:24,2023-09-22 19:34:24
33E74409-BFAC-4A80-8BDF-59C8A4CAD444,428C8290-486A-59F8-8495-77086023A727,JRU225752953221868000,2023-07-21 02:26:22,2023-07-21 01:26:22
AE083E9A-39E6-4692-8DB0-FF82E0C289EA,E4CF3AE5-D422-1515-3E39-12997F4B9B03,NFO682535231238675000,2023-07-25 03:24:22,2023-07-25 02:24:22
2D51E3AD-1E16-4A76-8C84-18424F13A59F,F2B6561E-8216-4857-EBDB-36145EC4F6A5,ESL194780768682572000,2023-08-03 20:32:16,2023-08-03 19:32:16
010245D0-8965-41D5-8139-2691266F1B38,BDB62F0E-3E32-F92D-A7E8-4541C5C26327,EIA708464824964057000,2023-07-20 13:02:33,2023-07-20 12:02:33
68A18BAE-7D0B-4B84-B677-61F8DD736EC9,79443CBA-BE28-B426-457B-4EE2ADA7D955,TSS602943741542158000,2023-03-09 18:51:24,2023-03-09 17:51:24
F42E1BD5-99CD-44F5-BB43-5790C6FAF3DD,666234E0-2666-9B8C-BA1F-5301C8EB4C39,IYB837870668892216000,2023-06-22 00:44:44,2023-06-21 23:44:44
24C840BD-BD3F-4958-91A1-54CDF88DBC12,40E09332-DD36-4E0C-7254-9E5FEFBB1057,DAE563585843398587000,2023-09-26 21:52:20,2023-09-26 20:52:20
A8DF8DD4-D144-45F7-8A71-E037B016D2D5,D227CB6D-8B12-0ED5-FB04-A8F41E627EE6,ZUR507306210717583000,2023-03-30 05:12:31,2023-03-30 04:12:31
F9C4EEEF-09D5-47C9-AAF3-17ACF6C13F72,95CE0A0D-9050-6982-BB73-52126892C394,JMS604382281620931000,2023-07-17 21:36:39,2023-07-17 20:36:39
953D0DBF-818C-4E78-B8B0-B9A3DFD74CCC,6ED638BB-E637-FBF7-DF85-A67428A49CDA,ESY978470245596916000,2023-09-02 06:52:16,2023-09-02 05:52:16
36088BC4-B71A-4DE2-917A-A58F408D950E,BB383552-6CBD-1E6F-D392-C44B129F80B0,WCN531325520280611000,2023-08-30 10:13:49,2023-08-30 09:13:49
A1220F5D-74B6-430D-AD89-022987F428CC,C7C679BC-902A-4F77-E4DD-62F780FB72C7,GPT728101624476090000,2023-08-18 22:14:01,2023-08-18 21:14:01
BC1782B5-CD2A-47AC-B181-738ABC2523D9,EC4141B6-AAC5-C24E-D3B8-E5385B8D5B34,GBJ531765635078158000,2023-04-06 10:07:03,2023-04-06 09:07:03
EEEFC82C-536E-4417-9129-04851CBF4D56,195D0DF6-FD93-019E-BF63-9129AB3697DA,CVW326203062926161000,2023-05-13 19:49:00,2023-05-13 18:49:00
9803E7FE-3CDE-4788-91B7-90568EBA0CE5,16A28C94-D7EF-3625-B7CF-51D9C761955E,YFC751993414495551000,2023-05-09 15:35:03,2023-05-09 14:35:03
EBE9C3E1-377E-4F4D-9BB9-336FF16C72BB,314C9B3F-5017-00F4-BB6D-7575DB69B460,CMO216481962704760000,2023-07-21 03:40:54,2023-07-21 02:40:54
91D8AA90-4D3E-4411-B1B5-48302462449E,666234E0-2666-9B8C-BA1F-5301C8EB4C39,PKA572740611529591000,2023-02-15 18:59:41,2023-02-15 17:59:41
9032B77B-D7EE-4D0F-B452-94E7D9ACA0B3,D227CB6D-8B12-0ED5-FB04-A8F41E627EE6,FSL208161162409834000,2023-05-09 10:28:12,2023-05-09 09:28:12
616BEF2A-5B3D-4352-A034-ABB414FEB690,FA17C70B-F7FF-B0B0-2D2C-F7B1E2202645,OYL588427172305310000,2023-08-21 11:29:20,2023-08-21 10:29:20
9F4211A1-43AA-4970-8BD6-59229D2D4BCC,83BE0D8D-7284-41A5-54A3-D455421FCF5B,NZF245707589949551000,2023-07-29 22:42:01,2023-07-29 21:42:01
0353E9DA-2C83-46D6-9954-4D9B165CEEFF,104FABBA-D4A3-10AB-E8F7-A38BC23D9C7F,XMQ400111893736085000,2023-08-17 13:56:10,2023-08-17 12:56:10
765926A5-E699-4BB3-AD4A-57D6CD7325BF,314C9B3F-5017-00F4-BB6D-7575DB69B460,NYI143910534408353000,2023-06-07 14:05:18,2023-06-07 13:05:18
9B3229D1-467F-4DBD-88A5-254852D5162B,E4CF3AE5-D422-1515-3E39-12997F4B9B03,OIW105207850595886000,2023-08-30 00:53:34,2023-08-29 23:53:34
A6C913F8-FA30-44C6-AA44-838462D457BB,94A1230F-A2D6-A46C-2F7E-F9C4617C8CAC,TER824852893859354000,2023-06-18 18:33:27,2023-06-18 17:33:27
F56A8CE9-89D5-4A53-ADAA-AE897A2C7350,83BE0D8D-7284-41A5-54A3-D455421FCF5B,HNU564859442740067000,2023-09-08 23:16:21,2023-09-08 22:16:21
555AA32E-2DF0-497E-865A-F1BB92AA90A2,104FABBA-D4A3-10AB-E8F7-A38BC23D9C7F,KHO790742102658507000,2023-06-02 08:26:50,2023-06-02 07:26:50
E0D365FB-FC04-4D9E-8312-660F18F0C0C6,83BE0D8D-7284-41A5-54A3-D455421FCF5B,ZKI182837596602441000,2023-05-19 19:00:21,2023-05-19 18:00:21
2DBDB3E2-F68D-44A7-8474-01DEA62906D0,DF0EF35D-86C4-0D97-774C-9FA54347D4D3,ONQ573642006185597000,2023-05-22 08:38:43,2023-05-22 07:38:43
07986DF3-9C12-4C2C-8E12-15E43ADCCDA7,104FABBA-D4A3-10AB-E8F7-A38BC23D9C7F,EIR836591397082706000,2023-09-18 22:30:25,2023-09-18 21:30:25
5474F952-64DB-46F5-9246-2952E2AACC00,E4CF3AE5-D422-1515-3E39-12997F4B9B03,CHK182703811806155000,2023-04-10 02:26:26,2023-04-10 01:26:26
B40F8235-126E-4DDB-8269-7EEAE93E8F4A,7CB87267-CBC6-935F-1690-6F5DA29A87B1,YVF935028287347608000,2023-08-23 01:47:42,2023-08-23 00:47:42
EA3E841A-3A4C-46FE-91C1-F0127505E5DC,666234E0-2666-9B8C-BA1F-5301C8EB4C39,AOX794415735713911000,2023-04-13 07:53:00,2023-04-13 06:53:00
774B3E42-85A6-4A3D-9A54-F57687E4620B,666234E0-2666-9B8C-BA1F-5301C8EB4C39,LTE590437741898976000,2023-09-16 17:48:18,2023-09-16 16:48:18
61DF75C6-ECFD-479F-9A52-A435CB495BCA,FA17C70B-F7FF-B0B0-2D2C-F7B1E2202645,LGF638307410071821000,2023-09-27 10:21:10,2023-09-27 09:21:10
C1DE451F-6F3C-4729-89F3-8FAC6AADCC20,16A28C94-D7EF-3625-B7CF-51D9C761955E,JFQ824405456701258000,2023-08-03 04:58:50,2023-08-03 03:58:50
4F1395EC-9E97-481A-840C-261AC6237073,F8D94934-71AF-47F7-2EA7-0CE00D7C781C,UZR701672400329795000,2023-05-05 06:56:56,2023-05-05 05:56:56
1BEB8756-8D1D-44C8-8CE9-F1FFCA2BFBDD,7730C72E-27A0-3AD4-791A-B7D25A2AB2A4,TXJ176061999418984000,2023-09-14 16:33:51,2023-09-14 15:33:51
C7014E75-7E81-4C26-91C9-5F3C7630187C,16A28C94-D7EF-3625-B7CF-51D9C761955E,TYB860379618302024000,2023-02-21 13:24:29,2023-02-21 12:24:29
22C70027-02BC-420C-874A-9D1B28C91ADD,79443CBA-BE28-B426-457B-4EE2ADA7D955,UMS658454871499148000,2023-06-08 17:53:27,2023-06-08 16:53:27
11255B68-6DF5-412E-8247-04A88A65B43E,9A849854-E8C5-936E-BB29-0F3EC2F358AF,VTK860410241959458000,2023-06-02 12:14:03,2023-06-02 11:14:03
75C8CDA0-1489-4611-84BA-C7F52009B32D,104FABBA-D4A3-10AB-E8F7-A38BC23D9C7F,TYS298812098972111000,2023-06-16 07:47:06,2023-06-16 06:47:06
A8A66DA7-D38D-41E6-9CBA-838E5BFEEA4A,E4CF3AE5-D422-1515-3E39-12997F4B9B03,YZX419592164384994000,2023-04-30 16:05:56,2023-04-30 15:05:56
14D09CF6-9E70-46C6-AF3C-9682A616F543,BDB62F0E-3E32-F92D-A7E8-4541C5C26327,SRZ259019028152077000,2023-09-18 05:59:13,2023-09-18 04:59:13
4BBE14A8-8EF6-4477-9DF8-04F6497B1178,7CB87267-CBC6-935F-1690-6F5DA29A87B1,TZU638709849179213000,2023-03-12 07:37:38,2023-03-12 06:37:38
7F1B6EC3-638F-478F-9883-F80EC20A9127,16A28C94-D7EF-3625-B7CF-51D9C761955E,IQD994795020783336000,2023-03-23 01:27:00,2023-03-23 00:27:00
272C402C-0984-412D-81C0-62D9158BAA6A,314C9B3F-5017-00F4-BB6D-7575DB69B460,EQR932427628608282000,2023-09-11 08:47:20,2023-09-11 07:47:20
F7C7796A-DA37-486F-A48C-838A899C4D2D,FA17C70B-F7FF-B0B0-2D2C-F7B1E2202645,YSC919292863140816000,2023-05-14 12:11:51,2023-05-14 11:11:51
A2E62212-9890-4046-9D15-1E267876EB38,40E09332-DD36-4E0C-7254-9E5FEFBB1057,QRM134792673796342000,2023-05-23 07:05:19,2023-05-23 06:05:19
BEC346B1-2D10-421F-B6F7-1A7560ED6A2C,8C34F6EE-FED6-68CE-FD42-2CB10456B11C,JUN163280002336146000,2023-09-13 04:36:27,2023-09-13 03:36:27
DC67E7BB-4356-4C69-B249-7DF9B8B03AF3,FA17C70B-F7FF-B0B0-2D2C-F7B1E2202645,DAC609871829815515000,2023-09-08 20:49:17,2023-09-08 19:49:17
913515EC-0EC9-4916-8153-8808007B5195,0EE53D0D-C709-22AB-43D7-3539819E9B19,POJ588726620220755000,2023-09-28 21:35:31,2023-09-28 20:35:31
C2352DF8-B8F9-46E4-B888-E6C6FEC976E5,E4D22D1B-0226-6030-FADF-94BA254107D3,NMQ451853975326388000,2023-02-19 07:45:23,2023-02-19 06:45:23
28FA0CB1-AA8F-49F6-8F4F-54C43B718C42,C7C679BC-902A-4F77-E4DD-62F780FB72C7,ZOO969025125722250000,2023-05-05 16:45:50,2023-05-05 15:45:50
A3DB7598-3C71-4939-B3EB-E3192C09A481,7730C72E-27A0-3AD4-791A-B7D25A2AB2A4,BQV492453395303399000,2023-06-04 01:41:22,2023-06-04 00:41:22
E62BD913-A078-404C-A127-78FC94AA5532,9A849854-E8C5-936E-BB29-0F3EC2F358AF,YET219519469945770000,2023-05-29 18:29:14,2023-05-29 17:29:14
5166C23A-7CF4-46BD-9EF3-70CF470555C6,EC4141B6-AAC5-C24E-D3B8-E5385B8D5B34,ZVS243210396762331000,2023-03-04 02:37:49,2023-03-04 01:37:49
1EFDFF34-7586-4190-85B2-97BA5DE402EE,C0DA4158-DEDB-6A98-30F1-4204529960A4,HZG191040678829089000,2023-07-27 22:49:50,2023-07-27 21:49:50
B3703733-A62B-4D5D-A05C-F94AE01A5F73,666234E0-2666-9B8C-BA1F-5301C8EB4C39,DJM185396155498895000,2023-07-23 14:27:03,2023-07-23 13:27:03
D89EA344-6134-4554-A74E-538C8DE50776,7730C72E-27A0-3AD4-791A-B7D25A2AB2A4,HKB210466954728708000,2023-06-27 13:34:47,2023-06-27 12:34:47
ADCCA6A7-3E0A-4CB5-89E8-5B0FC2B95AD5,E4CF3AE5-D422-1515-3E39-12997F4B9B03,PKA705748192348002000,2023-09-12 21:29:18,2023-09-12 20:29:18
DFE989CF-6728-4604-B1EE-28AFF317FF77,F8D94934-71AF-47F7-2EA7-0CE00D7C781C,QAL673314563382661000,2023-09-11 20:39:33,2023-09-11 19:39:33
622A3594-84CB-41DC-B917-81EFBD59983E,95CE0A0D-9050-6982-BB73-52126892C394,HNP924542445327206000,2023-04-02 14:15:57,2023-04-02 13:15:57
344CE981-8D71-4CBD-A9F4-B3C6C93B4A12,D227CB6D-8B12-0ED5-FB04-A8F41E627EE6,JTE888310595133045000,2023-06-08 22:09:26,2023-06-08 21:09:26
CFC7EC6E-5DA1-4C96-9067-64BCAF978AFC,83BE0D8D-7284-41A5-54A3-D455421FCF5B,OAN578582822302306000,2023-03-21 14:02:20,2023-03-21 13:02:20
7650D5D6-8B00-45A0-AD06-C0F07D409985,9A849854-E8C5-936E-BB29-0F3EC2F358AF,ALZ326041928207721000,2023-09-22 04:11:14,2023-09-22 03:11:14
5B7DDF3F-84AF-474A-A50D-2B7652E7AC3C,BB383552-6CBD-1E6F-D392-C44B129F80B0,OXO650541882666740000,2023-05-15 13:20:51,2023-05-15 12:20:51
227FCF9D-6974-41F2-9FE4-F7EF2875A7A5,74158A94-E97C-3DFF-5573-ED70C41F3BCD,WRX276976623533203000,2023-07-17 07:49:12,2023-07-17 06:49:12
7A5778AA-AC02-455A-9A34-A3FE89A2FF87,16A28C94-D7EF-3625-B7CF-51D9C761955E,KKZ616858293695939000,2023-05-11 11:38:34,2023-05-11 10:38:34
800A4504-E89B-40C8-B67F-D85D095D2592,0EE53D0D-C709-22AB-43D7-3539819E9B19,RNO408309961230293000,2023-03-10 03:12:08,2023-03-10 02:12:08
A5BF2597-91EA-407F-98C8-5D07DCADF3EB,E4D22D1B-0226-6030-FADF-94BA254107D3,LSN210010502034865000,2023-07-01 01:19:20,2023-07-01 00:19:20
66E169A9-1460-4189-A340-CCC4F1C3FEEA,8C34F6EE-FED6-68CE-FD42-2CB10456B11C,NUN896037993905679000,2023-04-11 10:52:20,2023-04-11 09:52:20
6FE41362-7CAB-4A26-B524-7DC21D4A7164,8286637D-D0E7-9EF6-25E4-F161F967AF92,WMB412509724927298000,2023-03-11 02:12:39,2023-03-11 01:12:39
F0604E96-ADC5-4CA5-A5A8-0A46C37B0845,F2B6561E-8216-4857-EBDB-36145EC4F6A5,SSP111259405427560000,2023-07-30 02:37:43,2023-07-30 01:37:43
50D18349-27FB-4EC7-8A9D-E30B5BAF77B2,DF0EF35D-86C4-0D97-774C-9FA54347D4D3,MBX113566813791742000,2023-06-05 12:42:53,2023-06-05 11:42:53
CCD9D0D6-6843-4F6F-8D1B-6AAECF2B29BE,EC4141B6-AAC5-C24E-D3B8-E5385B8D5B34,EQU682338427604553000,2023-07-15 05:14:18,2023-07-15 04:14:18
AC9D14BE-B265-44E3-AC94-01176E3C93FB,8CF75FA0-23BD-B7DF-D1AA-457397121EF2,VZZ550773356866498000,2023-03-01 14:04:48,2023-03-01 13:04:48
763E0C42-EDE8-4F35-A924-F407A02DE3FE,AC3BB154-0CF1-45AC-FF61-5D75B841DFC8,AAW551718556142499000,2023-08-20 01:30:46,2023-08-20 00:30:46
0E8B50E4-2E58-4C68-A067-520D2E087B66,83BE0D8D-7284-41A5-54A3-D455421FCF5B,GIU476820560403109000,2023-06-25 15:00:29,2023-06-25 14:00:29
580CED39-079F-4E88-8CF8-D94CADD90D8E,E4D22D1B-0226-6030-FADF-94BA254107D3,LBM298313110630482000,2023-05-23 11:37:43,2023-05-23 10:37:43
664C8668-D3B4-41AC-A17F-0B652F040FFB,9A849854-E8C5-936E-BB29-0F3EC2F358AF,FVJ315803350539132000,2023-05-14 22:07:29,2023-05-14 21:07:29
747AB457-075B-4149-87DB-D45AAD2BC69F,E4CF3AE5-D422-1515-3E39-12997F4B9B03,QKV401343598559307000,2023-07-30 07:21:20,2023-07-30 06:21:20
90300B2A-9133-43CC-BEDD-41825BFFB611,16A28C94-D7EF-3625-B7CF-51D9C761955E,AQP660910202098621000,2023-08-14 22:17:53,2023-08-14 21:17:53
1DA3A60A-034F-4C16-9223-3E74C1788725,40E09332-DD36-4E0C-7254-9E5FEFBB1057,LDS999633909325794000,2023-06-20 05:15:25,2023-06-20 04:15:25
3C1F40B0-76C3-43D6-BE65-5D744D430145,944066E3-5339-144D-F108-EE31389D30A1,NBS193445030793368000,2023-06-20 17:33:54,2023-06-20 16:33:54
F0544A68-7E35-4C68-97C7-820C787A13D8,83BE0D8D-7284-41A5-54A3-D455421FCF5B,QZS747507934942453000,2023-08-25 18:10:37,2023-08-25 17:10:37
7CC91CEE-387B-471F-AFB9-1E14647678FF,C0DA4158-DEDB-6A98-30F1-4204529960A4,VXT609383270412935000,2023-03-24 19:45:42,2023-03-24 18:45:42
6BBDB687-378A-4D5D-B2F3-20E187F60299,74158A94-E97C-3DFF-5573-ED70C41F3BCD,TIC378879569965969000,2023-09-15 14:58:23,2023-09-15 13:58:23
3360B046-F78F-41FB-8D4F-11F582BA72ED,666234E0-2666-9B8C-BA1F-5301C8EB4C39,XAB424799482128910000,2023-02-18 18:26:32,2023-02-18 17:26:32
718ED007-34AF-4DA1-ACEB-5F8E285327AB,D227CB6D-8B12-0ED5-FB04-A8F41E627EE6,VZO557418167606670000,2023-09-20 12:48:15,2023-09-20 11:48:15
82CD6B29-6E88-4047-8446-CC503F953648,7E72FD99-C049-E6D8-53DD-8335E27CFB07,RJG938123848244525000,2023-06-07 21:12:39,2023-06-07 20:12:39
04E3E8E3-D0A4-4250-A07C-0D27A6DC7568,E4CF3AE5-D422-1515-3E39-12997F4B9B03,GLI274801751984520000,2023-09-14 10:23:58,2023-09-14 09:23:58
5EC98AE7-EAE8-4865-A832-93B658F9FD0B,83BE0D8D-7284-41A5-54A3-D455421FCF5B,DTV787085249762522000,2023-05-22 17:45:13,2023-05-22 16:45:13
C5AC3931-68E0-41D8-912D-53685BFF0E76,944066E3-5339-144D-F108-EE31389D30A1,RDK602728311228301000,2023-07-16 00:47:52,2023-07-15 23:47:52
9B061920-5FC4-4B9D-BBE7-C94B1E98D491,195D0DF6-FD93-019E-BF63-9129AB3697DA,VDF963606084838714000,2023-09-08 21:54:32,2023-09-08 20:54:32
284EA6C0-34BE-4042-AC38-FBA0A1E35C60,BDB62F0E-3E32-F92D-A7E8-4541C5C26327,MZW859652084715062000,2023-03-10 03:30:28,2023-03-10 02:30:28
C6C9602C-6800-4671-B3F6-5A7B0CA0711F,7730C72E-27A0-3AD4-791A-B7D25A2AB2A4,JUR620332537564451000,2023-03-07 09:19:38,2023-03-07 08:19:38
84F4E4B4-77FC-490C-BBA8-517657596DC1,314C9B3F-5017-00F4-BB6D-7575DB69B460,TRW261051696662646000,2023-06-06 08:14:15,2023-06-06 07:14:15
2A59EA2D-FCB4-44DD-9815-FD00299A5CD6,F2B6561E-8216-4857-EBDB-36145EC4F6A5,BAI645138763164758000,2023-08-16 14:40:35,2023-08-16 13:40:35
4A747C34-FC96-4CDF-95B8-1C9256660BF5,BB383552-6CBD-1E6F-D392-C44B129F80B0,LDV765319372103542000,2023-09-07 18:10:27,2023-09-07 17:10:27
DCE1C56A-E64E-41CB-80FA-67382F859D69,C7C679BC-902A-4F77-E4DD-62F780FB72C7,WAT138749382005744000,2023-07-12 13:28:11,2023-07-12 12:28:11
9CEADCFB-E7AD-40A7-A99C-3B0D52BB4964,944066E3-5339-144D-F108-EE31389D30A1,UMB373237479492180000,2023-03-25 21:08:08,2023-03-25 20:08:08
3751E7D7-FF65-442E-900D-85A920F97115,BDB62F0E-3E32-F92D-A7E8-4541C5C26327,WVP160647484515594000,2023-09-14 04:56:42,2023-09-14 03:56:42
72320863-66B7-48D7-B07A-2EB9495F233D,E4D22D1B-0226-6030-FADF-94BA254107D3,LGB117012123633079000,2023-02-26 07:21:08,2023-02-26 06:21:08
427DA915-A23B-4F61-9294-2553C963BA2C,AC3BB154-0CF1-45AC-FF61-5D75B841DFC8,JOR575346955810753000,2023-05-26 22:04:00,2023-05-26 21:04:00
A3AADB0F-B70B-4F59-9C7F-5E953244FE74,16A28C94-D7EF-3625-B7CF-51D9C761955E,KEI554733860091860000,2023-03-15 15:50:49,2023-03-15 14:50:49
6A87B27F-087F-4310-8DE8-C2B75B431FA8,F2B6561E-8216-4857-EBDB-36145EC4F6A5,VHC517077679656492000,2023-05-30 10:25:13,2023-05-30 09:25:13
42AC35AC-D6CD-47DA-8D0C-D8AB1F4C0930,666234E0-2666-9B8C-BA1F-5301C8EB4C39,TLZ807081314567198000,2023-02-27 12:53:51,2023-02-27 11:53:51
E10222DB-5506-470D-A9EE-5274690EEF28,40E09332-DD36-4E0C-7254-9E5FEFBB1057,OFH216260002922109000,2023-06-01 05:38:13,2023-06-01 04:38:13
3AF25385-64A0-41CF-BA81-696F24470EE1,944066E3-5339-144D-F108-EE31389D30A1,EJW363574962214845000,2023-02-23 06:40:56,2023-02-23 05:40:56
5140531D-75F6-42C8-B218-517FCA2CA470,7730C72E-27A0-3AD4-791A-B7D25A2AB2A4,UNM454717307134128000,2023-05-26 01:47:58,2023-05-26 00:47:58
B1956682-8296-4ED3-B0C0-4AD3E1AC6257,40E09332-DD36-4E0C-7254-9E5FEFBB1057,PXC105126338826569000,2023-07-21 08:24:28,2023-07-21 07:24:28
839C7CA4-2090-42F4-B5C2-EF6DF4D2F07C,BB383552-6CBD-1E6F-D392-C44B129F80B0,GOW396609208298748000,2023-08-07 18:16:41,2023-08-07 17:16:41
ABDDBAAE-F119-43AD-88B7-27BF88DFFE52,C7C679BC-902A-4F77-E4DD-62F780FB72C7,MFG177043550069988000,2023-05-27 18:29:55,2023-05-27 17:29:55
FD05E5AA-A012-4AB3-9796-28557153F370,16A28C94-D7EF-3625-B7CF-51D9C761955E,JFA874966675819681000,2023-04-07 18:39:08,2023-04-07 17:39:08
8729CBA0-F58D-432B-AE6E-C8DDA718B1A2,6ED638BB-E637-FBF7-DF85-A67428A49CDA,XZL770252753740998000,2023-06-09 00:28:03,2023-06-08 23:28:03
343C1BDC-6079-45F8-A3E6-442B022D417C,C0DA4158-DEDB-6A98-30F1-4204529960A4,KHL932120051034061000,2023-05-07 18:53:46,2023-05-07 17:53:46
000DFEC2-18E0-4EA7-895B-F00AE9A3F21B,C7C679BC-902A-4F77-E4DD-62F780FB72C7,HHP711892737856670000,2023-08-21 23:30:58,2023-08-21 22:30:58
589AF96C-0586-4578-B6E6-36DAAEA26531,D23577DE-D469-7659-3FCE-8B89A016B642,OPG131418518350769000,2023-03-01 02:35:46,2023-03-01 01:35:46
F5012FC8-6B52-45A9-9A16-AC873551BEB1,9A849854-E8C5-936E-BB29-0F3EC2F358AF,XBZ555639443388418000,2023-07-13 20:05:28,2023-07-13 19:05:28
F235B9B3-D3CE-4AB5-8C51-16F05D3B72F1,F2B6561E-8216-4857-EBDB-36145EC4F6A5,ZLT521281899163142000,2023-03-13 13:36:13,2023-03-13 12:36:13
EC57927F-5D45-4F4B-990D-2A32CC07622F,D23577DE-D469-7659-3FCE-8B89A016B642,IZY799196152129110000,2023-06-11 22:49:23,2023-06-11 21:49:23
0C8E2CA4-C62C-4B55-8EE7-6507115EC3E6,16D07773-580C-F697-4678-55D7B5E2351C,MGV201320960192514000,2023-08-16 18:53:17,2023-08-16 17:53:17
D9768915-1C79-4B4E-B54F-AD29C70A6812,16A28C94-D7EF-3625-B7CF-51D9C761955E,AQK327957131491823000,2023-03-08 11:57:21,2023-03-08 10:57:21
0482A375-656A-4C9E-BE2B-73F02299FD6A,666234E0-2666-9B8C-BA1F-5301C8EB4C39,PDV664583552962847000,2023-08-14 06:31:26,2023-08-14 05:31:26
00419D89-7E7C-48AA-B64E-049B2E991506,7730C72E-27A0-3AD4-791A-B7D25A2AB2A4,WJX924809679970881000,2023-04-11 14:06:19,2023-04-11 13:06:19
FC347930-752D-454F-B37A-33EA8CB550EB,16D07773-580C-F697-4678-55D7B5E2351C,ZHU291261400311169000,2023-08-23 15:44:49,2023-08-23 14:44:49
699C7C37-8549-4350-B166-5940BD8ACE28,E4D22D1B-0226-6030-FADF-94BA254107D3,SPH381248718744606000,2023-09-01 17:40:49,2023-09-01 16:40:49
09D19065-96EF-4634-879E-996838FD665C,74158A94-E97C-3DFF-5573-ED70C41F3BCD,MLP503964317438774000,2023-08-07 01:55:11,2023-08-07 00:55:11
0AB3C6D0-13B6-4718-A0A3-FC8585885E5A,16A28C94-D7EF-3625-B7CF-51D9C761955E,PWA715147891602397000,2023-05-04 11:04:32,2023-05-04 10:04:32
92D49AFB-06A3-4CAD-B655-23A7D5862972,F8D94934-71AF-47F7-2EA7-0CE00D7C781C,QFZ119940973521543000,2023-08-15 18:46:16,2023-08-15 17:46:16
D9000BCB-5389-40D7-BEF6-50F44D5EF3D7,AC3BB154-0CF1-45AC-FF61-5D75B841DFC8,VSW163780449860533000,2023-08-03 00:47:12,2023-08-02 23:47:12
BCC5BE1B-E941-4ABF-B58F-8036A816C60D,16A28C94-D7EF-3625-B7CF-51D9C761955E,UVK609341841966821000,2023-02-22 05:58:48,2023-02-22 04:58:48
E9CD71FD-4C8C-4481-A59A-CCE2366A2F75,E4D22D1B-0226-6030-FADF-94BA254107D3,LZK383597139219440000,2023-02-18 07:53:05,2023-02-18 06:53:05
3C011E8F-7E66-48AC-9AFA-8135A7B23404,EC4141B6-AAC5-C24E-D3B8-E5385B8D5B34,NTI779617964202103000,2023-04-09 10:55:49,2023-04-09 09:55:49
A9F76451-0642-4519-9343-B68DA23D4EFC,40E09332-DD36-4E0C-7254-9E5FEFBB1057,LLP823462619044263000,2023-07-27 06:04:36,2023-07-27 05:04:36
73C0DFC4-BCC2-4A9C-BD16-B45D8D8DB022,EC4141B6-AAC5-C24E-D3B8-E5385B8D5B34,VDE506158113948297000,2023-06-21 14:39:24,2023-06-21 13:39:24
C2BC4784-1520-4936-851F-D2C1BDE8CF1F,74158A94-E97C-3DFF-5573-ED70C41F3BCD,FOV692056151657806000,2023-03-16 04:29:27,2023-03-16 03:29:27
92B91A92-546A-4DF3-B535-6380F57BFC7F,E4D22D1B-0226-6030-FADF-94BA254107D3,FXT248820811345326000,2023-04-01 00:35:38,2023-03-31 23:35:38
7CBEA4DC-EF0E-487C-92C8-2984BE2110A8,E4D22D1B-0226-6030-FADF-94BA254107D3,YKQ824343968728506000,2023-08-15 13:14:55,2023-08-15 12:14:55
75F62822-82E9-4BFD-81D2-86E45ECA9B0A,8286637D-D0E7-9EF6-25E4-F161F967AF92,RZE122301543341589000,2023-03-18 07:44:29,2023-03-18 06:44:29
134A3B46-D5AF-4BEC-ABC2-E4591D263087,7730C72E-27A0-3AD4-791A-B7D25A2AB2A4,HIP369991224938550000,2023-09-07 20:43:51,2023-09-07 19:43:51
CD06DD33-08FC-4DE9-8A52-DBEA7C13A847,79443CBA-BE28-B426-457B-4EE2ADA7D955,UOT103663908926597000,2023-02-19 04:25:45,2023-02-19 03:25:45
BE61EAC9-B0ED-4337-BA49-A598DB91EBD3,8C34F6EE-FED6-68CE-FD42-2CB10456B11C,BQV770775460743383000,2023-07-28 23:36:55,2023-07-28 22:36:55
0DA0D590-0C5F-4707-8FC6-4462E424B9CD,E4D22D1B-0226-6030-FADF-94BA254107D3,NTJ402162120407239000,2023-05-09 01:22:09,2023-05-09 00:22:09
8C40812D-A70E-473E-8FB8-116FFCB24DA1,E4CF3AE5-D422-1515-3E39-12997F4B9B03,ZYF444869396404899000,2023-07-11 17:34:21,2023-07-11 16:34:21
7E90A354-77E3-4DD6-98EB-F80347CD2F13,7730C72E-27A0-3AD4-791A-B7D25A2AB2A4,RLI782479787029297000,2023-07-27 11:42:33,2023-07-27 10:42:33
0E3119F0-AF32-49FF-914D-D3DE801E624D,D227CB6D-8B12-0ED5-FB04-A8F41E627EE6,STR280655187993849000,2023-08-20 22:23:23,2023-08-20 21:23:23
9D0A5F97-EF7B-4CB0-8F94-DCA3B90AE16C,AC3BB154-0CF1-45AC-FF61-5D75B841DFC8,XPK865501369583892000,2023-07-15 04:19:44,2023-07-15 03:19:44
18C304C1-1586-4E82-BF63-60C6BEBB188C,428C8290-486A-59F8-8495-77086023A727,TOW389213809041519000,2023-03-06 07:46:52,2023-03-06 06:46:52
1B7DF365-DD9B-4145-A3C4-7B3D9AC8AA16,16A28C94-D7EF-3625-B7CF-51D9C761955E,DCF862369986425006000,2023-03-28 09:20:37,2023-03-28 08:20:37
D02C0C45-C6C0-437D-BE58-5DB798F4AF1D,F8D94934-71AF-47F7-2EA7-0CE00D7C781C,WKC408647611881405000,2023-07-31 06:35:11,2023-07-31 05:35:11
AD02A29C-D444-4207-83FC-2A96D0C361CC,195D0DF6-FD93-019E-BF63-9129AB3697DA,BBT954769816586739000,2023-06-06 07:02:21,2023-06-06 06:02:21
12903C3E-771A-4734-93E2-2889722FC14D,666234E0-2666-9B8C-BA1F-5301C8EB4C39,IUC360370707713190000,2023-03-24 23:43:34,2023-03-24 22:43:34
FB5399C3-2CD9-4DFF-AA3A-7EB3347BF371,7730C72E-27A0-3AD4-791A-B7D25A2AB2A4,EJF692855590162030000,2023-06-02 19:39:32,2023-06-02 18:39:32
F6CFF64E-255D-49B0-A9E9-6616F83A5288,195D0DF6-FD93-019E-BF63-9129AB3697DA,SRK996868156664959000,2023-02-20 04:21:32,2023-02-20 03:21:32
C9EF96B4-D2AC-44E3-910E-8DB27131F466,8C34F6EE-FED6-68CE-FD42-2CB10456B11C,XNV606190561618044000,2023-07-17 04:33:29,2023-07-17 03:33:29
EEAF4931-8BC0-4867-8F2C-7B79D328BA6D,8286637D-D0E7-9EF6-25E4-F161F967AF92,GME146661882741651000,2023-08-21 04:28:04,2023-08-21 03:28:04
284ED1C7-F54E-487B-AAAB-776D691A1722,D227CB6D-8B12-0ED5-FB04-A8F41E627EE6,JPM328565380215482000,2023-05-19 16:45:29,2023-05-19 15:45:29
932B5668-292A-4C8E-8E37-A05372DB252F,8286637D-D0E7-9EF6-25E4-F161F967AF92,LAR505878801510270000,2023-02-25 17:57:55,2023-02-25 16:57:55
72727330-E7D8-4339-A7BB-A252900C7197,666234E0-2666-9B8C-BA1F-5301C8EB4C39,UAP323437742255407000,2023-07-31 13:40:51,2023-07-31 12:40:51
DC9F02BE-50C8-4059-A02B-B9B8958FA10E,E4CF3AE5-D422-1515-3E39-12997F4B9B03,ZJN624389305168940000,2023-09-23 03:15:05,2023-09-23 02:15:05
1F6CA142-4848-4B64-926A-8C8974617B0E,6ED638BB-E637-FBF7-DF85-A67428A49CDA,JPN956462321512500000,2023-07-23 05:26:32,2023-07-23 04:26:32
75858756-2999-4B9D-90D4-BF9079957028,195D0DF6-FD93-019E-BF63-9129AB3697DA,GSP229155410762726000,2023-07-11 00:55:04,2023-07-10 23:55:04
2C39F3BA-7771-4058-8FBD-5A40474443D3,79443CBA-BE28-B426-457B-4EE2ADA7D955,OMH962220170175454000,2023-02-14 23:20:53,2023-02-14 22:20:53
61E858E5-DE45-44F1-B9EB-FC220E20162F,8286637D-D0E7-9EF6-25E4-F161F967AF92,AFA696716554518637000,2023-03-21 16:25:31,2023-03-21 15:25:31
F1FC07F9-592E-44A5-BEA2-8F92F36C7398,6ED638BB-E637-FBF7-DF85-A67428A49CDA,DXH132615128374669000,2023-05-16 23:13:08,2023-05-16 22:13:08
7D09C1C3-7F55-4465-8827-11114FFA6A3C,944066E3-5339-144D-F108-EE31389D30A1,YKP968990058278863000,2023-04-13 02:00:24,2023-04-13 01:00:24
1B1FB507-F5EC-4983-B765-6DAAA347F10B,D227CB6D-8B12-0ED5-FB04-A8F41E627EE6,WJX666783798294287000,2023-06-01 07:37:32,2023-06-01 06:37:32
5021964B-228B-44B7-945E-79672EADEED9,94A1230F-A2D6-A46C-2F7E-F9C4617C8CAC,EYC734337148881308000,2023-08-12 17:15:33,2023-08-12 16:15:33
81459FBF-AA4B-41D8-8825-A1CB944737D9,AC3BB154-0CF1-45AC-FF61-5D75B841DFC8,GUP520729074700351000,2023-04-08 17:56:25,2023-04-08 16:56:25
3B8FDBC7-636F-4765-827F-F722A0F8FCAE,7CB87267-CBC6-935F-1690-6F5DA29A87B1,WZZ773932659656957000,2023-06-06 07:06:39,2023-06-06 06:06:39
509B6244-A1D0-4D9C-806C-F23E5563C635,16D07773-580C-F697-4678-55D7B5E2351C,FQT480191089020250000,2023-03-28 11:32:03,2023-03-28 10:32:03
D2ECC4DE-6ABE-4FB4-B1D1-F06FF9BCEC43,D23577DE-D469-7659-3FCE-8B89A016B642,LJN786343974013541000,2023-05-02 02:28:22,2023-05-02 01:28:22
E10297AC-E91C-42DE-8FF9-63BF191CDA55,D227CB6D-8B12-0ED5-FB04-A8F41E627EE6,IIZ232339948427040000,2023-09-16 20:32:09,2023-09-16 19:32:09
F09298CC-8B8E-4567-8275-FF97C989C04C,8CF75FA0-23BD-B7DF-D1AA-457397121EF2,BJO390442710576851000,2023-04-23 02:43:29,2023-04-23 01:43:29
990307BD-519F-4747-B3A2-A7F560E43C70,E4D22D1B-0226-6030-FADF-94BA254107D3,XRW768966377323860000,2023-07-01 04:47:41,2023-07-01 03:47:41
DDBAEF70-8BF0-4774-912C-CF5FB9D54D68,D227CB6D-8B12-0ED5-FB04-A8F41E627EE6,PMP731275123953522000,2023-07-29 08:12:38,2023-07-29 07:12:38
F854C9C5-B666-4473-BCFD-3D9460534F8D,104FABBA-D4A3-10AB-E8F7-A38BC23D9C7F,QPA913682682997660000,2023-03-31 19:35:26,2023-03-31 18:35:26
88BF00D0-6634-4518-8B03-925CD7BB14C5,EC4141B6-AAC5-C24E-D3B8-E5385B8D5B34,OKH922004987484560000,2023-07-29 15:18:41,2023-07-29 14:18:41
B85FBD1B-9FBB-43D5-9DB5-A4AC48AA7700,94A1230F-A2D6-A46C-2F7E-F9C4617C8CAC,YUT288028470943865000,2023-09-19 21:22:19,2023-09-19 20:22:19
739BBA00-8A20-4E01-8523-C3A081E9B152,7CB87267-CBC6-935F-1690-6F5DA29A87B1,EQO472760021963290000,2023-08-10 21:05:13,2023-08-10 20:05:13
A8DEB841-880D-4854-9F5D-76DC9F7FE49D,7E72FD99-C049-E6D8-53DD-8335E27CFB07,DER736859612802727000,2023-05-06 11:14:05,2023-05-06 10:14:05
DF29DAE6-840A-4B9B-A82E-771E2F688CC4,8CF75FA0-23BD-B7DF-D1AA-457397121EF2,VLU403277105705071000,2023-02-23 13:05:01,2023-02-23 12:05:01
685D076E-42EE-485F-8684-034E6B09C451,BB383552-6CBD-1E6F-D392-C44B129F80B0,REF798986867859453000,2023-05-10 17:17:31,2023-05-10 16:17:31
F2D43A78-C89A-42A8-B411-2A3161B2798D,BDB62F0E-3E32-F92D-A7E8-4541C5C26327,VQQ456140462132392000,2023-06-15 11:20:17,2023-06-15 10:20:17
7F1ACE04-8886-4885-A391-F7EC59A61859,0EE53D0D-C709-22AB-43D7-3539819E9B19,QFB514638085920985000,2023-06-26 03:04:55,2023-06-26 02:04:55
71AE1383-E572-4A4F-A3F8-7E08AE49135B,6ED638BB-E637-FBF7-DF85-A67428A49CDA,EKI650622316637491000,2023-07-25 04:51:10,2023-07-25 03:51:10
EB9ADE04-A387-44E7-A3A8-E3C8699C0C8D,95CE0A0D-9050-6982-BB73-52126892C394,JQC642445154425605000,2023-04-30 01:56:39,2023-04-30 00:56:39
AB20F018-F15F-4EF1-AFA4-C06BC224034F,9A849854-E8C5-936E-BB29-0F3EC2F358AF,DGU725105086679395000,2023-08-15 21:57:49,2023-08-15 20:57:49
9434B557-3DEC-4581-B094-B138FD0710F7,E4D22D1B-0226-6030-FADF-94BA254107D3,LGC107000931774278000,2023-03-25 18:07:35,2023-03-25 17:07:35
953EF739-6F8F-4B66-BDE6-F58278D6671F,8CF75FA0-23BD-B7DF-D1AA-457397121EF2,XOO617711487300986000,2023-06-08 19:45:13,2023-06-08 18:45:13
07BC9771-25A0-4D00-BD66-D65E6BC10784,79443CBA-BE28-B426-457B-4EE2ADA7D955,MDB391776133677828000,2023-09-20 05:42:37,2023-09-20 04:42:37
25363F54-3FB6-4BC6-A153-D629EAF053E4,95CE0A0D-9050-6982-BB73-52126892C394,QPQ673392761350373000,2023-09-24 07:00:59,2023-09-24 06:00:59
A57D3794-3924-4504-B156-0FBEA034549A,8C34F6EE-FED6-68CE-FD42-2CB10456B11C,XCE438319797822169000,2023-06-26 21:27:43,2023-06-26 20:27:43
41BBB53E-A3B7-4938-819F-0258A2890FBE,9A849854-E8C5-936E-BB29-0F3EC2F358AF,UII937956524714113000,2023-02-12 17:04:46,2023-02-12 16:04:46
C02A6DE6-EEBA-4E07-A62B-936BB76E5C68,104FABBA-D4A3-10AB-E8F7-A38BC23D9C7F,VVS771739186046264000,2023-03-02 11:05:54,2023-03-02 10:05:54
BD96F2B5-326F-4AAA-8B53-635174A00C54,74158A94-E97C-3DFF-5573-ED70C41F3BCD,UVP605797286952786000,2023-06-24 08:30:10,2023-06-24 07:30:10
245F6A39-097B-41E4-B368-22734D304F00,E4D22D1B-0226-6030-FADF-94BA254107D3,ELG485933261540062000,2023-07-07 07:24:11,2023-07-07 06:24:11
DE84D5DD-3649-4F02-BC83-05ADEC7F36A4,F2B6561E-8216-4857-EBDB-36145EC4F6A5,VPR287547348863246000,2023-02-23 10:50:42,2023-02-23 09:50:42
5DC44F0F-B143-45CE-8D2F-C38A0FFACCED,94A1230F-A2D6-A46C-2F7E-F9C4617C8CAC,TOR993760620421750000,2023-05-31 20:45:50,2023-05-31 19:45:50
202A21AC-BBA5-476B-981B-F3A0AD019E3F,6ED638BB-E637-FBF7-DF85-A67428A49CDA,CHX983630760348810000,2023-06-06 11:01:47,2023-06-06 10:01:47
58B3788F-074B-401A-8AC3-AB9333C92308,314C9B3F-5017-00F4-BB6D-7575DB69B460,RPZ352646223744189000,2023-06-22 01:14:19,2023-06-22 00:14:19
DEA6692E-9EC1-40E6-9100-CEA835A7A618,AC3BB154-0CF1-45AC-FF61-5D75B841DFC8,MBX690122724860860000,2023-08-16 15:44:21,2023-08-16 14:44:21
4D731F54-DAAF-4789-8554-8118AA428D50,9A849854-E8C5-936E-BB29-0F3EC2F358AF,DPG287333908744218000,2023-09-21 00:40:35,2023-09-20 23:40:35
1A902BA6-761B-44FD-95A7-600674D6C136,94A1230F-A2D6-A46C-2F7E-F9C4617C8CAC,KQK956710962722093000,2023-08-16 13:24:15,2023-08-16 12:24:15
9340194A-76DC-4AD3-ABA9-9CD40164899C,E4CF3AE5-D422-1515-3E39-12997F4B9B03,NYO873758742627083000,2023-07-09 10:14:04,2023-07-09 09:14:04
AB60ACB8-5140-4CCD-AB4B-128FC305F9F6,314C9B3F-5017-00F4-BB6D-7575DB69B460,LHG340600175126755000,2023-07-21 07:00:18,2023-07-21 06:00:18
7DF574A9-6569-41EB-A5F1-F52A8B18E8D1,9A849854-E8C5-936E-BB29-0F3EC2F358AF,WQY845680378315781000,2023-04-22 12:46:10,2023-04-22 11:46:10
B1C90836-0B12-49E0-A88E-BB38D0F7AA48,944066E3-5339-144D-F108-EE31389D30A1,MMS477373600087755000,2023-06-19 11:47:01,2023-06-19 10:47:01
5751C550-957B-4484-AA67-2D917AE64A0F,8C34F6EE-FED6-68CE-FD42-2CB10456B11C,JLB927145806085569000,2023-05-11 02:28:23,2023-05-11 01:28:23
A9010B2C-CC7C-400F-A37B-16EA54A681E9,C7C679BC-902A-4F77-E4DD-62F780FB72C7,BHZ422434243103330000,2023-06-16 19:04:59,2023-06-16 18:04:59
81361C86-48E2-4336-9379-EB961FA44D94,94A1230F-A2D6-A46C-2F7E-F9C4617C8CAC,CVD334020054566950000,2023-08-11 04:53:01,2023-08-11 03:53:01
C41AEC26-D208-4D46-A0B2-F6635EDC7E5E,EC4141B6-AAC5-C24E-D3B8-E5385B8D5B34,BEO422941135081372000,2023-08-28 07:35:23,2023-08-28 06:35:23
B82C42E3-D4B5-42ED-99D9-326D5CEA747C,94A1230F-A2D6-A46C-2F7E-F9C4617C8CAC,WLF926826513301618000,2023-04-24 06:46:54,2023-04-24 05:46:54
7967A360-19EA-45AF-980F-55CBAC757E25,0EE53D0D-C709-22AB-43D7-3539819E9B19,QRL457529653656161000,2023-02-10 13:46:16,2023-02-10 12:46:16
634ACEA2-9502-4481-8ABD-A2B6ECF32CA4,EC4141B6-AAC5-C24E-D3B8-E5385B8D5B34,IUT691246282379179000,2023-04-03 15:35:46,2023-04-03 14:35:46
F1E18A59-6108-456E-BEBB-A9C1E45D31CB,E4D22D1B-0226-6030-FADF-94BA254107D3,FBA243043075817003000,2023-06-07 16:12:15,2023-06-07 15:12:15
96AD9AF7-3A71-4EF1-A7CB-EFE68EA4B9AE,6ED638BB-E637-FBF7-DF85-A67428A49CDA,DEC752776507050644000,2023-08-19 22:50:57,2023-08-19 21:50:57
15F5E949-8E8C-4E49-BC62-01DB77E9AB3A,7CB87267-CBC6-935F-1690-6F5DA29A87B1,XAU918704726209187000,2023-07-09 04:25:27,2023-07-09 03:25:27
99F7DCAE-92BD-4E2F-B5EF-79C11808E70E,D23577DE-D469-7659-3FCE-8B89A016B642,ZFP297042238035243000,2023-09-22 22:02:40,2023-09-22 21:02:40
624470A9-1142-4417-BFCC-07D9ABEC7ABB,F8D94934-71AF-47F7-2EA7-0CE00D7C781C,SMO616029937779181000,2023-06-04 03:22:03,2023-06-04 02:22:03
66566679-9D98-40C5-A453-2A8993574C71,944066E3-5339-144D-F108-EE31389D30A1,TOD299615302951775000,2023-09-07 20:07:30,2023-09-07 19:07:30
5431ED01-0F4F-4851-94F1-701CB499CC46,83BE0D8D-7284-41A5-54A3-D455421FCF5B,LLX680431406921648000,2023-03-13 16:02:08,2023-03-13 15:02:08
4F93486F-4AEE-49E0-A4F3-1DF49B6B557B,C0DA4158-DEDB-6A98-30F1-4204529960A4,LPZ347603117748686000,2023-07-03 01:38:39,2023-07-03 00:38:39
1FCEA6B6-BADE-4B24-B63C-DEE4139E23C4,C0DA4158-DEDB-6A98-30F1-4204529960A4,PDL547156396643232000,2023-05-26 09:30:32,2023-05-26 08:30:32
24DDCF23-3721-4682-ABD2-3C4D407A5C69,EC4141B6-AAC5-C24E-D3B8-E5385B8D5B34,JBG737571815849329000,2023-06-17 16:39:54,2023-06-17 15:39:54
C8E7A53E-173E-464A-B3FA-ED674BAAE72A,EC4141B6-AAC5-C24E-D3B8-E5385B8D5B34,RCX459230931423103000,2023-03-08 19:39:29,2023-03-08 18:39:29
218DA81C-A6D8-42AB-9BC5-EFD81C70B21D,8286637D-D0E7-9EF6-25E4-F161F967AF92,QIT668699388875832000,2023-06-13 02:28:00,2023-06-13 01:28:00
E904617F-A2EC-4F89-8A83-0F502DC47F62,D227CB6D-8B12-0ED5-FB04-A8F41E627EE6,DWZ147070050595998000,2023-07-04 15:09:26,2023-07-04 14:09:26
85A9E488-0DAF-4B38-B033-F9C86A55ADE8,D227CB6D-8B12-0ED5-FB04-A8F41E627EE6,VZE705667262453762000,2023-04-12 02:51:24,2023-04-12 01:51:24
1546DCAC-8D3B-4018-861B-B9A533F28C09,C7C679BC-902A-4F77-E4DD-62F780FB72C7,NDT912305745521043000,2023-02-20 08:14:55,2023-02-20 07:14:55
D8D370EB-32A6-4E51-B87A-F3989BFB6A47,C7C679BC-902A-4F77-E4DD-62F780FB72C7,YUW896769470564237000,2023-09-05 01:54:03,2023-09-05 00:54:03
5E94CAB2-D795-4031-B542-F73E3B613593,C7C679BC-902A-4F77-E4DD-62F780FB72C7,HSJ507716326100680000,2023-07-11 22:39:20,2023-07-11 21:39:20
944A051F-A097-47CC-812D-132FDDD7BEF9,F2B6561E-8216-4857-EBDB-36145EC4F6A5,OBA584524134309373000,2023-07-02 08:10:23,2023-07-02 07:10:23
4EEECB92-A60E-417B-B131-5330CB338362,C7C679BC-902A-4F77-E4DD-62F780FB72C7,XLI253433139606036000,2023-04-26 09:51:06,2023-04-26 08:51:06
A04A1000-CACC-4E5A-9ED3-FE0AC022B911,7CB87267-CBC6-935F-1690-6F5DA29A87B1,CVC868220293029832000,2023-05-12 01:29:16,2023-05-12 00:29:16
A1619470-739D-4D73-B803-C7DABEED7320,83BE0D8D-7284-41A5-54A3-D455421FCF5B,TNG233191259235474000,2023-09-19 03:44:41,2023-09-19 02:44:41
BBCA3914-F414-4208-9665-0EE8E8CCE534,79443CBA-BE28-B426-457B-4EE2ADA7D955,SHU616679119661321000,2023-03-20 11:01:55,2023-03-20 10:01:55
3D32CE59-A5FE-427A-817C-B31475BF491A,7730C72E-27A0-3AD4-791A-B7D25A2AB2A4,JTV326595305048458000,2023-02-11 04:38:01,2023-02-11 03:38:01
47F1695D-28C6-4AF5-A3EC-65A4C4F7A67C,BDB62F0E-3E32-F92D-A7E8-4541C5C26327,KLK458078632068958000,2023-03-08 02:26:14,2023-03-08 01:26:14
685E53B8-565C-4DB0-B5B7-A09C8C64A1EB,104FABBA-D4A3-10AB-E8F7-A38BC23D9C7F,AWM576796865109812000,2023-09-18 03:05:28,2023-09-18 02:05:28
D8234235-0B67-491B-927D-C55BFCC83390,D227CB6D-8B12-0ED5-FB04-A8F41E627EE6,OZO814784568154716000,2023-06-20 05:11:15,2023-06-20 04:11:15
500FEC8F-62E5-4A1B-BE6C-A26DD93470B1,6ED638BB-E637-FBF7-DF85-A67428A49CDA,UXS910074010819184000,2023-05-04 13:46:47,2023-05-04 12:46:47
904DCC5D-A9A4-4718-ACD1-24EC76B37304,FA17C70B-F7FF-B0B0-2D2C-F7B1E2202645,IVM925559362155455000,2023-08-20 02:42:49,2023-08-20 01:42:49
92F3A05F-16F6-402F-8610-08F838FAC137,79443CBA-BE28-B426-457B-4EE2ADA7D955,KXC562109274429952000,2023-04-03 21:33:43,2023-04-03 20:33:43
2ED0717B-B7EE-401C-B660-0E6828C1344E,16D07773-580C-F697-4678-55D7B5E2351C,LJO464716262811207000,2023-03-27 12:06:37,2023-03-27 11:06:37
5523E898-229B-4CB0-B771-D258C4354508,DF0EF35D-86C4-0D97-774C-9FA54347D4D3,XWB786216096979386000,2023-05-20 23:14:17,2023-05-20 22:14:17
159D2C2C-02CE-49D2-8C58-800BA5CF0E68,8C34F6EE-FED6-68CE-FD42-2CB10456B11C,CFC957927852434487000,2023-06-17 14:12:20,2023-06-17 13:12:20
5C1D079A-E8D4-42DB-8744-C4CE0B611D7A,E4D22D1B-0226-6030-FADF-94BA254107D3,VFA419680690909529000,2023-03-03 17:50:26,2023-03-03 16:50:26
6458DE28-A947-4395-97ED-45B9090DC061,D227CB6D-8B12-0ED5-FB04-A8F41E627EE6,UDU221117600363556000,2023-02-14 04:33:36,2023-02-14 03:33:36
FF29D5D1-05D2-4699-907D-3F704726B59E,314C9B3F-5017-00F4-BB6D-7575DB69B460,RJR879007054346132000,2023-03-12 11:31:03,2023-03-12 10:31:03
80AEFC4C-E7E7-450E-80C7-9BF144262DC8,195D0DF6-FD93-019E-BF63-9129AB3697DA,HPJ302181201165100000,2023-07-14 21:56:42,2023-07-14 20:56:42
CC8AC7CB-F90D-42DA-9C2E-0E12C907B790,BB383552-6CBD-1E6F-D392-C44B129F80B0,AFX572118591290610000,2023-08-13 14:45:54,2023-08-13 13:45:54
3D7A8106-CA07-4B81-AEC4-92A45332C5ED,E4D22D1B-0226-6030-FADF-94BA254107D3,XXR581737209394805000,2023-05-30 15:00:40,2023-05-30 14:00:40
F5FC969D-7186-4618-99F9-69166945AF7E,DF0EF35D-86C4-0D97-774C-9FA54347D4D3,VDM686886819116382000,2023-02-22 17:05:17,2023-02-22 16:05:17
45A7C79B-BE46-41E3-828A-80DD6B89452E,C7C679BC-902A-4F77-E4DD-62F780FB72C7,PQF390659031400632000,2023-09-09 14:14:34,2023-09-09 13:14:34
BA3982CF-E535-42C3-B9B4-41FA49F20B07,666234E0-2666-9B8C-BA1F-5301C8EB4C39,UDF821150512122205000,2023-07-16 03:44:58,2023-07-16 02:44:58
86ED52BF-41DE-47CD-AD87-D210E26FDE11,D227CB6D-8B12-0ED5-FB04-A8F41E627EE6,UWE814937343466692000,2023-05-14 23:45:20,2023-05-14 22:45:20
37AB5C2E-11A5-4A55-B8C4-C0CFC56555E4,D227CB6D-8B12-0ED5-FB04-A8F41E627EE6,IGW613213911493313000,2023-05-11 19:53:36,2023-05-11 18:53:36
32EC5DC5-F8F2-4125-87B8-595461375163,EC4141B6-AAC5-C24E-D3B8-E5385B8D5B34,GKS884476532234950000,2023-09-07 11:48:07,2023-09-07 10:48:07
DF1B5219-47D8-4711-8342-CC1D304BC2B1,74158A94-E97C-3DFF-5573-ED70C41F3BCD,CGK330279815621199000,2023-05-27 02:17:19,2023-05-27 01:17:19
B2A71474-5FA1-45D0-84D2-5A01A6FD1814,74158A94-E97C-3DFF-5573-ED70C41F3BCD,LDG583124553575186000,2023-03-05 08:15:44,2023-03-05 07:15:44
4504B867-3650-4AE1-8EBE-EDB07B7FB020,F2B6561E-8216-4857-EBDB-36145EC4F6A5,OZY139895459783563000,2023-05-09 23:15:42,2023-05-09 22:15:42
98C0F2D6-ECE0-4675-A587-C70B8866A750,8CF75FA0-23BD-B7DF-D1AA-457397121EF2,LRP522816202774879000,2023-06-09 20:34:49,2023-06-09 19:34:49
F97838F8-184A-443F-BED6-8F80A0AF5107,314C9B3F-5017-00F4-BB6D-7575DB69B460,KQR171755840200250000,2023-04-23 08:27:43,2023-04-23 07:27:43
E2A20777-405E-465F-BC00-D1302E994D97,9A849854-E8C5-936E-BB29-0F3EC2F358AF,VRI688957378728190000,2023-08-17 18:58:48,2023-08-17 17:58:48
5A9A8312-0859-4C9B-8BFC-852AB65BC2A9,314C9B3F-5017-00F4-BB6D-7575DB69B460,SVL251665948788967000,2023-08-16 13:47:02,2023-08-16 12:47:02
012931FA-D06D-46B7-B514-048D2878B6EB,D23577DE-D469-7659-3FCE-8B89A016B642,CMT370507310768478000,2023-04-29 19:58:42,2023-04-29 18:58:42
08EB8840-EA41-4CEC-9254-20675B02002B,BDB62F0E-3E32-F92D-A7E8-4541C5C26327,GAE878281028877710000,2023-07-05 03:56:12,2023-07-05 02:56:12
A2D6E8DB-A976-4D4A-8F04-AC3ECCB5287F,C0DA4158-DEDB-6A98-30F1-4204529960A4,QMP490517551724121000,2023-06-27 19:04:16,2023-06-27 18:04:16
30099AE3-9812-4FD4-A69A-33EC22479C8B,FA17C70B-F7FF-B0B0-2D2C-F7B1E2202645,PAM965631651370291000,2023-07-18 11:30:37,2023-07-18 10:30:37
FAFB451E-8437-4B80-A94D-EAF34796AB5F,E4D22D1B-0226-6030-FADF-94BA254107D3,CXT186280675973008000,2023-08-22 12:35:06,2023-08-22 11:35:06
E9489A82-86EF-45A5-A856-0597B29EC1B3,0EE53D0D-C709-22AB-43D7-3539819E9B19,TRJ430200159648909000,2023-09-25 14:49:07,2023-09-25 13:49:07
B1BF8DC7-F293-420F-AFDC-363C59A2CD81,7E72FD99-C049-E6D8-53DD-8335E27CFB07,ZCJ569239959423457000,2023-04-15 11:15:59,2023-04-15 10:15:59
497E0DEA-64DB-4C69-AAE4-4C70517344FC,314C9B3F-5017-00F4-BB6D-7575DB69B460,NTG109074667894181000,2023-08-29 08:38:35,2023-08-29 07:38:35
119F773A-AC70-432C-BA90-24A6B2A0F15B,9A849854-E8C5-936E-BB29-0F3EC2F358AF,PLU428900083424637000,2023-09-25 07:06:35,2023-09-25 06:06:35
6FB3CF54-9DCA-44D8-B4EC-4C40CBCE9194,6ED638BB-E637-FBF7-DF85-A67428A49CDA,EEC463390745777683000,2023-06-05 03:07:35,2023-06-05 02:07:35
279EFED8-00D2-42CC-B12D-DDB14DF3DDD3,16D07773-580C-F697-4678-55D7B5E2351C,SCM828146998142964000,2023-09-08 09:43:57,2023-09-08 08:43:57
B50DBF74-930E-41A0-872A-7AC7F85645D5,16A28C94-D7EF-3625-B7CF-51D9C761955E,ZWK876003728481857000,2023-02-18 05:52:56,2023-02-18 04:52:56
E63129AC-E9C6-4F4F-967C-62ED6F9E7F4F,314C9B3F-5017-00F4-BB6D-7575DB69B460,SMN254789510620515000,2023-03-14 10:16:10,2023-03-14 09:16:10
C929DD9F-8A1E-42E3-9E2C-F00429ED1123,314C9B3F-5017-00F4-BB6D-7575DB69B460,PWQ940803624897216000,2023-06-03 06:46:30,2023-06-03 05:46:30
425CC0FC-046C-4B1D-B95D-1E4EAFDCF67C,7730C72E-27A0-3AD4-791A-B7D25A2AB2A4,OLV466892184701880000,2023-05-17 22:28:46,2023-05-17 21:28:46
DD974B08-F472-4DC5-9759-49AC54CD78F3,195D0DF6-FD93-019E-BF63-9129AB3697DA,YEX547139113568674000,2023-03-18 20:05:26,2023-03-18 19:05:26
7ED021AB-71B1-4AF7-B003-D1B6086A1843,D23577DE-D469-7659-3FCE-8B89A016B642,PNJ806529115389305000,2023-04-01 21:59:28,2023-04-01 20:59:28
4A432CA5-C94B-4041-8115-FE2D78843BB2,40E09332-DD36-4E0C-7254-9E5FEFBB1057,DHU721853187475892000,2023-06-16 02:59:29,2023-06-16 01:59:29
C4BA5F11-F70C-43BB-8EF2-47E103EEF79F,7CB87267-CBC6-935F-1690-6F5DA29A87B1,CXT515332468296626000,2023-07-22 04:00:05,2023-07-22 03:00:05
21E22E42-47B1-4BE4-82FE-6DD5FF1BFDB6,C7C679BC-902A-4F77-E4DD-62F780FB72C7,RYO325060312135879000,2023-03-31 17:41:38,2023-03-31 16:41:38
BEAA50FF-6EA9-4ADC-88D9-990ECD7AF6A4,16D07773-580C-F697-4678-55D7B5E2351C,VFW521860755733493000,2023-02-24 22:36:25,2023-02-24 21:36:25
56894F84-F221-4B2A-A007-2555D8DF87D0,F2B6561E-8216-4857-EBDB-36145EC4F6A5,TOK644996892704941000,2023-09-08 01:17:20,2023-09-08 00:17:20
BFF6B25B-2049-4AE5-91CD-D43C1642A803,74158A94-E97C-3DFF-5573-ED70C41F3BCD,GOL376162192594733000,2023-05-24 07:19:07,2023-05-24 06:19:07
36CDF29C-3804-40A3-8C1C-1BFF4894A477,EC4141B6-AAC5-C24E-D3B8-E5385B8D5B34,USH843093065901781000,2023-08-07 01:00:56,2023-08-07 00:00:56
3021CD85-7977-42D8-BA3D-6D62B73D2E12,D227CB6D-8B12-0ED5-FB04-A8F41E627EE6,EWW655333369496604000,2023-02-21 04:37:28,2023-02-21 03:37:28
50D940CF-5F37-410D-9711-09F4530306EB,F8D94934-71AF-47F7-2EA7-0CE00D7C781C,LEK515857089065861000,2023-04-03 06:29:43,2023-04-03 05:29:43
17C6D2E3-92EB-4605-B8BE-946DC8CFE4C2,FA17C70B-F7FF-B0B0-2D2C-F7B1E2202645,TAQ389587756944089000,2023-03-07 07:50:17,2023-03-07 06:50:17
C5D4845E-1F4D-47A1-917E-FC023AA72967,195D0DF6-FD93-019E-BF63-9129AB3697DA,CET626290836949796000,2023-03-07 23:42:19,2023-03-07 22:42:19
64DF9FDE-A0DC-4709-B843-D8A40A328BDF,BDB62F0E-3E32-F92D-A7E8-4541C5C26327,GAU764362427384503000,2023-06-08 14:32:15,2023-06-08 13:32:15
37249125-CC21-4BFA-BC64-ABB8A422BC2D,7CB87267-CBC6-935F-1690-6F5DA29A87B1,KXR845134872883472000,2023-07-02 16:32:12,2023-07-02 15:32:12
D534D315-16C9-472D-93E5-FA0AC96DCBBD,83BE0D8D-7284-41A5-54A3-D455421FCF5B,XJW159922427240741000,2023-05-13 14:46:19,2023-05-13 13:46:19
561A51F6-F142-4AD5-BEDF-B66015A6A0CA,D23577DE-D469-7659-3FCE-8B89A016B642,SUI970230711236077000,2023-03-19 13:30:41,2023-03-19 12:30:41
1990A192-DB5F-4447-AE70-D6DAF4E2E937,EC4141B6-AAC5-C24E-D3B8-E5385B8D5B34,UUP418552355017218000,2023-06-02 22:11:24,2023-06-02 21:11:24
B539F2B4-D18B-42CD-B336-E5512F24A5A3,428C8290-486A-59F8-8495-77086023A727,PPA127474001883847000,2023-07-05 23:43:58,2023-07-05 22:43:58
425D8197-EA1E-4BFE-BA51-F3C1C29E2D55,83BE0D8D-7284-41A5-54A3-D455421FCF5B,ZVY243703051730665000,2023-07-15 11:13:53,2023-07-15 10:13:53
55BC3AB0-6588-4C0B-8BC2-182E2B74490C,BDB62F0E-3E32-F92D-A7E8-4541C5C26327,TTE413921244886849000,2023-04-10 20:25:14,2023-04-10 19:25:14
C4F0B827-7FAC-4751-9C2F-90C1BA5BA65B,AC3BB154-0CF1-45AC-FF61-5D75B841DFC8,VMV251378731160541000,2023-07-01 09:40:33,2023-07-01 08:40:33
5729B267-0766-44B5-AD6B-FC0FAB83B71D,195D0DF6-FD93-019E-BF63-9129AB3697DA,DTE422198146082599000,2023-06-26 04:10:02,2023-06-26 03:10:02
35333919-F0C4-4744-A211-B96FD7F6EDB7,95CE0A0D-9050-6982-BB73-52126892C394,PYY721055386210615000,2023-06-23 01:36:13,2023-06-23 00:36:13
62E12844-EF50-42BE-9309-A6C8C48C1C8B,8C34F6EE-FED6-68CE-FD42-2CB10456B11C,CGT298958394581762000,2023-03-30 10:49:55,2023-03-30 09:49:55
5FAA6074-5B1A-4F54-B2FF-CEDC0420BD87,F2B6561E-8216-4857-EBDB-36145EC4F6A5,AUJ542403341522573000,2023-05-13 11:55:46,2023-05-13 10:55:46
1829CB34-452E-4A5B-821B-55A66DBE3284,40E09332-DD36-4E0C-7254-9E5FEFBB1057,ELO392349366111443000,2023-06-06 15:56:44,2023-06-06 14:56:44
0288D238-3D73-4414-BAC9-AF41F974A605,94A1230F-A2D6-A46C-2F7E-F9C4617C8CAC,MJX808553701021353000,2023-04-04 11:10:12,2023-04-04 10:10:12
6644B595-79EE-495F-932F-C1CF1A1E987C,FA17C70B-F7FF-B0B0-2D2C-F7B1E2202645,YGX592187355791453000,2023-03-23 09:47:02,2023-03-23 08:47:02
